AIGKFLHSAKKFGKAFVGEIMNS,mod. active
FAKALAKLAKKLL,mod. active
FAKALKALLKALKAL,mod. active
FAKFLAKFLKKAL,mod. active
FAKIIAKIAKIAKKIL,inactive - exp
FAKKFAKKFKKFAKKFAKFAFAF,mod. active
FAKKLAKKLAKAAL,inactive - exp
FAKKLAKKLKKLAKKLAK,inactive - exp
FAKKLAKKLKKLAKKLAKKWKL,mod. active
FAKKLAKKLKKLAKKLAKLAKKL,inactive - exp
FAKKLAKKLKKLAKKLAKLALALKALALKAL,mod. active
FAKKLAKKLKKLAKKLIGAVLKV,mod. active
FAKKLAKKLKKLAKLALAK,inactive - exp
FAKKLAKKLKKLAKLALAL,inactive - exp
FAKKLAKKLL,inactive - exp
FAKKLAKLAKKALAL,inactive - exp
FAKKLAKLAKKL,inactive - exp
FAKKLAKLAKKLAKLAL,mod. active
FAKKLAKLAKKLAKLALAL,mod. active
FAKKLAKLAKKLLAL,mod. active
FAKKLAKLALKLAKL,mod. active
FAKKLKKLAKLAKKL,inactive - exp
FAKKLLAKALKL,inactive - exp
FAKLAKKALAKLL,inactive - exp
FAKLF,inactive - exp
FAKLFAKLAKKFAL,inactive - exp
FAKLLAKALKKAL,mod. active
FAKLLAKALKKFAL,mod. active
FAKLLAKALKKFL,mod. active
FAKLLAKALKKL,inactive - exp
FAKLLAKALKKLL,very active
FAKLLAKALKLKL,inactive - exp
FAKLLAKFLKKAL,mod. active
FAKLLAKLAKAKL,inactive - exp
FAKLLAKLAKKAA,inactive - exp
FAKLLAKLAKKAL,inactive - exp
FAKLLAKLAKKFAL,inactive - exp
FAKLLAKLAKKGL,inactive - exp
FAKLLAKLAKKIL,inactive - exp
FLKLLAGLLKNFA,mod. active
FLKLLKKLAAKFLPTIICKISYKC,very active
FLKLLKKLAAKLF,mod. active
FLKWLFKWAKK,mod. active
FLSLIPKLVKKIIKAFK,very active
FLSLIPSLVGGSISAFK,inactive - exp
FLWWLFKWAWK,mod. active
GIGAVLKVLTTGLPALISWIKRKRQQ,mod. active
KTKLFKKFAKKLAKKLKKLAKKL,mod. active
KWKKFLKIGIGKFLHLAKKF,very active
KWKLAKKALALL,inactive - exp
KWKLFAKIGIGKFLHLAKKF,very active
KWKLFKKALKKLKKALKKAL,mod. active
VAKKLAKLAKKLAKLAL,very active
VAKLLAKLAKKLL,mod. active
VAKLLAKLAKKVL,inactive - exp
VALALKALKKALKKLKKALKKAL,inactive - exp
WALAL,inactive - exp
AADIFSKFKKDMEVKFA,inactive - virtual
AAQKDNVKSSWAKASA,inactive - virtual
AASQRKLIAEKFAQALMSSL,inactive - virtual
AAYATLYEALVLVATLAAP,inactive - virtual
AEAHESIRLVFHDS,inactive - virtual
AEGEREARVFTLWLNSL,inactive - virtual
AEGVATADPLMRLAKQLK,inactive - virtual
AEHAKVLMDSLTGVWDNFLT,inactive - virtual
AEHLAKAELTTVFSTLYQKF,inactive - virtual
AEKAKYDEIFLKT,inactive - virtual
AFFTIAAVARVLD,inactive - virtual
AFRHSVKEELNYIRRRLERFPNRL,inactive - virtual
AGDVLHNVLQMLIIESHS,inactive - virtual
AGEMVRQARILAQATSDLVNAIKADA,inactive - virtual
AGNLDIMTSAALATAERMAQSMLN,inactive - virtual
AHAIGVLLDNL,inactive - virtual
AIEKEILIEAISS,inactive - virtual
AKQEKIIIQVALNDITHVVELL,inactive - virtual
AKVVRTALEDAASVAGLLIT,inactive - virtual
ALAVAAKPFL,inactive - virtual
ALGKVIKKWGTTVAKLA,inactive - virtual
ALYGLLKEEMGEILAK,inactive - virtual
AMFEQMRANVGKLLKG,inactive - virtual
APDAEGRAIQAVYWANKWAKEQG,inactive - virtual
APDLLISLATVLYHLQQ,inactive - virtual
APEDVRKSSKEVL,inactive - virtual
APLLNFVRDFVREDAKYLYSSLV,inactive - virtual
AQTSRWAAMQIGMSFISAY,inactive - virtual
DAENRDLFLALLSV,inactive - virtual
DAHAWMIGQLKGL,inactive - virtual
DALEIFKTLFSLVMRFSSYL,inactive - virtual
DAMLRTSMVATQLVGLAMMRYV,inactive - virtual
DARAKKLLDKWAKWING,inactive - virtual
DATAALALTMA,inactive - virtual
DATLISELQQM,inactive - virtual
DDADLEKFVIEY,inactive - virtual
DDETLGVLMWILDRSIH,inactive - virtual
DDETREELEELLIQA,inactive - virtual
DDRVQSHILHLEHDLVHVTRKN,inactive - virtual
DDYLKEQVLHMKQYVSDN,inactive - virtual
DEAAFQKLMSNLD,inactive - virtual
DEAGLMRELRLFRRRIMVRIAWAQTL,inactive - virtual
DEETMERIMRELKKK,inactive - virtual